{"cameraMode":{"drawMode":0,"name":"Shaded","section":"Shading Mode"},"sceneLighting":false,"audioPlay":false,"sceneViewState":{"m_AlwaysRefresh":false,"showFog":true,"showSkybox":false,"showFlares":true,"showImageEffects":true,"showParticleSystems":true,"showVisualEffectGraphs":true,"m_FxEnabled":true},"in2DMode":false,"pivot":{"x":-1.4901161193847657e-8,"y":0.13211558759212495,"z":-1.4901161193847657e-8},"rotation":{"x":-0.36982080340385439,"y":-0.09756097197532654,"z":0.03912343457341194,"w":-0.923239529132843},"size":0.21474629640579225,"orthographic":false}