{"cameraMode":{"drawMode":0,"name":"Shaded","section":"Shading Mode"},"sceneLighting":false,"audioPlay":false,"sceneViewState":{"m_AlwaysRefresh":false,"showFog":true,"showSkybox":false,"showFlares":true,"showImageEffects":true,"showParticleSystems":true,"showVisualEffectGraphs":true,"m_FxEnabled":true},"in2DMode":false,"pivot":{"x":5.960464477539063e-8,"y":0.20000006258487702,"z":-2.7939677238464357e-8},"rotation":{"x":-0.0003335417713969946,"y":0.9977267384529114,"z":-0.06745914369821549,"w":-0.005104227922856808},"size":0.40360888838768008,"orthographic":false}