{"cameraMode":{"drawMode":0,"name":"Shaded","section":"Shading Mode"},"sceneLighting":false,"audioPlay":false,"sceneViewState":{"m_AlwaysRefresh":false,"showFog":true,"showSkybox":false,"showFlares":true,"showImageEffects":true,"showParticleSystems":true,"showVisualEffectGraphs":true,"m_FxEnabled":true},"in2DMode":false,"pivot":{"x":0.18809938430786134,"y":0.29727402329444888,"z":0.12569385766983033},"rotation":{"x":0.193839430809021,"y":-0.6590596437454224,"z":0.18155412375926972,"w":0.7036464810371399},"size":0.7667787075042725,"orthographic":false}