{"cameraMode":{"drawMode":0,"name":"Shaded","section":"Shading Mode"},"sceneLighting":false,"audioPlay":false,"sceneViewState":{"m_AlwaysRefresh":false,"showFog":true,"showSkybox":false,"showFlares":true,"showImageEffects":true,"showParticleSystems":true,"showVisualEffectGraphs":true,"m_FxEnabled":true},"in2DMode":false,"pivot":{"x":-0.0012764185667037964,"y":-0.1993529200553894,"z":-0.18658185005187989},"rotation":{"x":0.045922815799713138,"y":-0.10410267114639282,"z":-0.004813977517187595,"w":-0.9935001134872437},"size":1.2747031450271607,"orthographic":false}