{"cameraMode":{"drawMode":0,"name":"Shaded","section":"Shading Mode"},"sceneLighting":false,"audioPlay":false,"sceneViewState":{"m_AlwaysRefresh":false,"showFog":true,"showSkybox":false,"showFlares":true,"showImageEffects":true,"showParticleSystems":true,"showVisualEffectGraphs":true,"m_FxEnabled":true},"in2DMode":false,"pivot":{"x":0.3931536078453064,"y":1.8889003992080689,"z":-2.4614572525024416},"rotation":{"x":-0.36982080340385439,"y":-0.09756097197532654,"z":0.03912343457341194,"w":-0.923239529132843},"size":3.7181758880615236,"orthographic":false}