{"cameraMode":{"drawMode":0,"name":"Shaded","section":"Shading Mode"},"sceneLighting":false,"audioPlay":false,"sceneViewState":{"m_AlwaysRefresh":false,"showFog":true,"showSkybox":false,"showFlares":true,"showImageEffects":true,"showParticleSystems":true,"showVisualEffectGraphs":true,"m_FxEnabled":true},"in2DMode":false,"pivot":{"x":0.5083916187286377,"y":0.06604693830013275,"z":-0.00002256035804748535},"rotation":{"x":-0.36982080340385439,"y":-0.09756097197532654,"z":0.03912343457341194,"w":-0.923239529132843},"size":0.5694521069526672,"orthographic":false}