{"cameraMode":{"drawMode":0,"name":"Shaded","section":"Shading Mode"},"sceneLighting":false,"audioPlay":false,"sceneViewState":{"m_AlwaysRefresh":false,"showFog":true,"showSkybox":false,"showFlares":true,"showImageEffects":true,"showParticleSystems":true,"showVisualEffectGraphs":true,"m_FxEnabled":true},"in2DMode":false,"pivot":{"x":0.0008547604084014893,"y":1.0168118476867676,"z":-0.000011920928955078125},"rotation":{"x":-0.36982080340385439,"y":-0.09756097197532654,"z":0.03912343457341194,"w":-0.923239529132843},"size":1.7683788537979127,"orthographic":false}