{"cameraMode":{"drawMode":0,"name":"Shaded","section":"Shading Mode"},"sceneLighting":false,"audioPlay":false,"sceneViewState":{"m_AlwaysRefresh":false,"showFog":true,"showSkybox":false,"showFlares":true,"showImageEffects":true,"showParticleSystems":true,"showVisualEffectGraphs":true,"m_FxEnabled":true},"in2DMode":false,"pivot":{"x":-0.0000019073486328125,"y":3.746325969696045,"z":0.40847206115722659},"rotation":{"x":-0.056515492498874667,"y":0.9339913725852966,"z":-0.1698984056711197,"w":-0.30957409739494326},"size":8.196106910705567,"orthographic":false}