{"cameraMode":{"drawMode":0,"name":"Shaded","section":"Shading Mode"},"sceneLighting":false,"audioPlay":false,"sceneViewState":{"m_AlwaysRefresh":false,"showFog":true,"showSkybox":false,"showFlares":true,"showImageEffects":true,"showParticleSystems":true,"showVisualEffectGraphs":true,"m_FxEnabled":true},"in2DMode":false,"pivot":{"x":0.12890686094760896,"y":0.03787478804588318,"z":0.21004146337509156},"rotation":{"x":0.028233688324689866,"y":0.9711225032806397,"z":-0.1845613420009613,"w":0.1485605686903},"size":0.45502153038978579,"orthographic":false}