{"cameraMode":{"drawMode":0,"name":"Shaded","section":"Shading Mode"},"sceneLighting":false,"audioPlay":false,"sceneViewState":{"m_AlwaysRefresh":false,"showFog":true,"showSkybox":false,"showFlares":true,"showImageEffects":true,"showParticleSystems":true,"showVisualEffectGraphs":true,"m_FxEnabled":true},"in2DMode":false,"pivot":{"x":0.00002855062484741211,"y":2.1001739501953127,"z":0.05296027660369873},"rotation":{"x":-0.21234571933746339,"y":0.20654931664466859,"z":-0.04606364667415619,"w":-0.954108476638794},"size":2.261868476867676,"orthographic":false}