{"cameraMode":{"drawMode":0,"name":"Shaded","section":"Shading Mode"},"sceneLighting":false,"audioPlay":false,"sceneViewState":{"m_AlwaysRefresh":false,"showFog":true,"showSkybox":false,"showFlares":true,"showImageEffects":true,"showParticleSystems":true,"showVisualEffectGraphs":true,"m_FxEnabled":true},"in2DMode":false,"pivot":{"x":-4.76837158203125e-7,"y":0.804580807685852,"z":0.010000362992286682},"rotation":{"x":-0.0003335417713969946,"y":0.9977267384529114,"z":-0.06745914369821549,"w":-0.005104227922856808},"size":0.8536629676818848,"orthographic":false}