{"cameraMode":{"drawMode":0,"name":"Shaded","section":"Shading Mode"},"sceneLighting":false,"audioPlay":false,"sceneViewState":{"m_AlwaysRefresh":false,"showFog":true,"showSkybox":false,"showFlares":true,"showImageEffects":true,"showParticleSystems":true,"showVisualEffectGraphs":true,"m_FxEnabled":true},"in2DMode":false,"pivot":{"x":0.00002855062484741211,"y":2.1001739501953127,"z":0.0537453293800354},"rotation":{"x":-0.19139543175697328,"y":0.593934953212738,"z":-0.14826448261737824,"w":-0.7673487663269043},"size":2.2619102001190187,"orthographic":false}