{"cameraMode":{"drawMode":0,"name":"Shaded","section":"Shading Mode"},"sceneLighting":false,"audioPlay":false,"sceneViewState":{"m_AlwaysRefresh":false,"showFog":true,"showSkybox":false,"showFlares":true,"showImageEffects":true,"showParticleSystems":true,"showVisualEffectGraphs":true,"m_FxEnabled":true},"in2DMode":false,"pivot":{"x":0.5707901120185852,"y":-0.5733834505081177,"z":-0.0446474552154541},"rotation":{"x":0.045922815799713138,"y":-0.10410267114639282,"z":-0.004813977517187595,"w":-0.9935001134872437},"size":1.4985219240188599,"orthographic":false}