{"cameraMode":{"drawMode":0,"name":"Shaded","section":"Shading Mode"},"sceneLighting":false,"audioPlay":false,"sceneViewState":{"m_AlwaysRefresh":false,"showFog":true,"showSkybox":false,"showFlares":true,"showImageEffects":true,"showParticleSystems":true,"showVisualEffectGraphs":true,"m_FxEnabled":true},"in2DMode":false,"pivot":{"x":-1.1920928955078126e-7,"y":2.1001739501953127,"z":0.047526270151138309},"rotation":{"x":-0.02490384504199028,"y":0.9627347588539124,"z":-0.2522144913673401,"w":-0.09543527662754059},"size":2.261587381362915,"orthographic":false}