{"cameraMode":{"drawMode":0,"name":"Shaded","section":"Shading Mode"},"sceneLighting":false,"audioPlay":false,"sceneViewState":{"m_AlwaysRefresh":false,"showFog":true,"showSkybox":false,"showFlares":true,"showImageEffects":true,"showParticleSystems":true,"showVisualEffectGraphs":true,"m_FxEnabled":true},"in2DMode":false,"pivot":{"x":12.582722663879395,"y":0.41176411509513857,"z":-3.635713577270508},"rotation":{"x":-0.06853336095809937,"y":0.8649143576622009,"z":-0.1230408251285553,"w":-0.48175448179244997},"size":0.4330126941204071,"orthographic":false}