{"cameraMode":{"drawMode":0,"name":"Shaded","section":"Shading Mode"},"sceneLighting":false,"audioPlay":false,"sceneViewState":{"m_AlwaysRefresh":false,"showFog":true,"showSkybox":false,"showFlares":true,"showImageEffects":true,"showParticleSystems":true,"showVisualEffectGraphs":true,"m_FxEnabled":true},"in2DMode":false,"pivot":{"x":0.7107858657836914,"y":0.21625033020973206,"z":0.13700389862060548},"rotation":{"x":-0.5416422486305237,"y":0.4460749626159668,"z":-0.4195941388607025,"w":-0.5758402347564697},"size":7.071067810058594,"orthographic":false}