{"cameraMode":{"drawMode":0,"name":"Shaded","section":"Shading Mode"},"sceneLighting":false,"audioPlay":false,"sceneViewState":{"m_AlwaysRefresh":false,"showFog":true,"showSkybox":false,"showFlares":true,"showImageEffects":true,"showParticleSystems":true,"showVisualEffectGraphs":true,"m_FxEnabled":true},"in2DMode":false,"pivot":{"x":-0.029563546180725099,"y":0.642918586730957,"z":-0.23122823238372804},"rotation":{"x":-0.04389197379350662,"y":0.9367998242378235,"z":-0.12723812460899354,"w":-0.3230697214603424},"size":1.520660161972046,"orthographic":false}