{"cameraMode":{"drawMode":0,"name":"Shaded","section":"Shading Mode"},"sceneLighting":false,"audioPlay":false,"sceneViewState":{"m_AlwaysRefresh":false,"showFog":true,"showSkybox":false,"showFlares":true,"showImageEffects":true,"showParticleSystems":true,"showVisualEffectGraphs":true,"m_FxEnabled":true},"in2DMode":false,"pivot":{"x":0.5707901120185852,"y":-0.5733834505081177,"z":-0.0446474552154541},"rotation":{"x":-0.02834538370370865,"y":0.9689106941223145,"z":-0.2068297564983368,"w":-0.13278691470623017},"size":1.4985219240188599,"orthographic":false}