{"cameraMode":{"drawMode":0,"name":"Shaded","section":"Shading Mode"},"sceneLighting":false,"audioPlay":false,"sceneViewState":{"m_AlwaysRefresh":false,"showFog":true,"showSkybox":false,"showFlares":true,"showImageEffects":true,"showParticleSystems":true,"showVisualEffectGraphs":true,"m_FxEnabled":true},"in2DMode":false,"pivot":{"x":3.725290298461914e-9,"y":-2.9802322387695315e-8,"z":0.040218889713287356},"rotation":{"x":-0.18207544088363648,"y":0.31992313265800478,"z":-0.06279250234365463,"w":-0.9276631474494934},"size":0.10936451703310013,"orthographic":false}