{"cameraMode":{"drawMode":0,"name":"Shaded","section":"Shading Mode"},"sceneLighting":false,"audioPlay":false,"sceneViewState":{"m_AlwaysRefresh":false,"showFog":true,"showSkybox":false,"showFlares":true,"showImageEffects":true,"showParticleSystems":true,"showVisualEffectGraphs":true,"m_FxEnabled":true},"in2DMode":false,"pivot":{"x":0.00002849102020263672,"y":2.1773717403411867,"z":0.05284488946199417},"rotation":{"x":-0.02490384504199028,"y":0.9627347588539124,"z":-0.2522144913673401,"w":-0.09543527662754059},"size":2.29170823097229,"orthographic":false}